{
  "report_metadata": {
    "generation_date": "2025-07-01T15:21:19.696860",
    "generation_date_formatted": "July 01, 2025",
    "data_source": "../sample_data/sampledata.csv",
    "total_records": 15006,
    "academic_year": "2025",
    "report_title": "Work Integrated Learning (WIL) Data Analysis Report",
    "report_version": "1.0"
  },
  "key_statistics": {
    "total_students": 10167,
    "total_faculties": 9,
    "total_courses": 178
  },
  "faculty_breakdown": {
    "DVC (A) Board of Studies": {
      "count": 135,
      "percentage": 1.3
    },
    "Division of Registrar and Deputy Principal": {
      "count": 18,
      "percentage": 0.2
    },
    "Faculty of Arts, Design and Architecture": {
      "count": 1668,
      "percentage": 16.3
    },
    "Faculty of Engineering": {
      "count": 2457,
      "percentage": 24.0
    },
    "Faculty of Law and Justice": {
      "count": 385,
      "percentage": 3.8
    },
    "Faculty of Medicine and Health": {
      "count": 1651,
      "percentage": 16.1
    },
    "Faculty of Science": {
      "count": 245,
      "percentage": 2.4
    },
    "UNSW Business School": {
      "count": 3522,
      "percentage": 34.4
    },
    "UNSW Canberra at ADFA": {
      "count": 147,
      "percentage": 1.4
    }
  },
  "residency_breakdown": {
    "International": {
      "count": 4070,
      "percentage": 39.8
    },
    "Local": {
      "count": 6099,
      "percentage": 59.6
    }
  },
  "gender_breakdown": {
    "Female": {
      "count": 7891,
      "percentage": 52.6
    },
    "Male": {
      "count": 7094,
      "percentage": 47.3
    },
    "Unknown": {
      "count": 21,
      "percentage": 0.1
    }
  },
  "equity_cohort_statistics": {
    "first_generation_rate": 13.8,
    "indigenous_participation_rate": 1.0,
    "ses_distribution": {
      "Unknown": 5455,
      "High": 5118,
      "Medium": 3738,
      "Low": 695
    },
    "regional_distribution": {
      "Major Cities of Australia": 8517,
      "Unknown": 5437,
      "Inner Regional Australia": 871,
      "Outer Regional Australia": 171,
      "Remote Australia": 8,
      "Very Remote Australia": 2
    }
  },
  "cdev_statistics": {
    "total_cdev_students": 135,
    "total_cdev_courses": 6,
    "cdev_course_list": [
      "CDEV3000",
      "CDEV6000",
      "CDEV3012",
      "CDEV3300",
      "CDEV3400",
      "CDEV6200"
    ]
  },
  "chart_descriptions": {
    "year_comparison": {
      "title": "Faculty Enrollment Overview (2025)",
      "description": "This chart displays the distribution of WIL students across 9 faculties. A total of 10,167 students are enrolled in WIL programs.",
      "key_finding": "The largest faculty by enrollment is UNSW Business School."
    },
    "faculty_residency": {
      "title": "Student Distribution by Faculty and Residency Status",
      "description": "This grouped bar chart compares local and international student enrollment across different faculties, providing insights into the diversity and international appeal of each program.",
      "key_finding": "Overall, 59.6% are local students and 39.8% are international students."
    },
    "gender_distribution": {
      "title": "Gender Representation Analysis",
      "description": "These charts examine gender balance across the WIL program, showing both overall distribution and faculty-specific gender ratios to identify areas for diversity improvement.",
      "key_finding": "Gender distribution is 52.6% female and 47.3% male."
    }
  },
  "key_insights": {
    "program_overview": [
      "The WIL program serves 10,167 students across 9 faculties.",
      "A total of 178 different courses are offered.",
      "The program demonstrates strong diversity in both academic disciplines and student demographics."
    ],
    "diversity_analysis": [
      "International student participation is 39.8%.",
      "Gender balance shows 52.6% female participation.",
      "First-generation student representation is 13.8%."
    ]
  },
  "pdf_ready_content": {
    "executive_summary": {
      "total_students": "10,167",
      "total_faculties": "9",
      "total_courses": "178",
      "academic_year": "2025",
      "report_date": "July 01, 2025"
    },
    "chart_files": {
      "year_comparison": "year_comparison_20250701.png",
      "faculty_residency": "faculty_residency_20250701.png",
      "gender_pie": "gender_distribution_pie_20250701.png",
      "gender_faculty": "gender_distribution_faculty_20250701.png",
      "first_generation": "first_generation_participation_20250701.png",
      "ses_distribution": "ses_distribution_20250701.png",
      "indigenous_participation": "indigenous_participation_20250701.png",
      "regional_distribution": "regional_distribution_20250701.png",
      "cdev_residency": "cdev_residency_20250701.png",
      "cdev_gender": "cdev_gender_20250701.png"
    },
    "key_metrics": {
      "largest_faculty": "UNSW Business School",
      "international_percentage": "39.8%",
      "female_percentage": "52.6%",
      "first_gen_percentage": "13.8%"
    }
  }
}